Name,Version,License,URL
@babel/code-frame,7.0.0-beta.31,MIT,https://babeljs.io/
@babel/helper-function-name,7.0.0-beta.31,MIT,Unknown
@babel/helper-get-function-arity,7.0.0-beta.31,MIT,Unknown
@babel/template,7.0.0-beta.31,MIT,https://babeljs.io/
@babel/traverse,7.0.0-beta.31,MIT,https://babeljs.io/
@babel/types,7.0.0-beta.31,MIT,https://babeljs.io/
@hypnosphi/fuse.js,3.0.9,Apache 2.0,http://fusejs.io/
@remy/pstree,1.0.1,MIT,Unknown
@storybook/addon-actions,3.2.17,MIT,https://github.com/storybooks/storybook/tree/master/addons/actions
@storybook/addon-info,3.2.17,MIT,Unknown
@storybook/addon-links,3.2.17,MIT,https://github.com/storybooks/storybook/tree/master/addons/links
@storybook/addons,3.2.17,MIT,https://github.com/storybooks/storybook/tree/master/packages/addons
@storybook/channel-postmessage,3.2.17,MIT,Unknown
@storybook/channels,3.2.17,MIT,Unknown
@storybook/components,3.2.17,MIT,Unknown
@storybook/mantra-core,1.7.2,MIT,Unknown
@storybook/react,3.2.17,MIT,https://github.com/storybooks/storybook/tree/master/app/react
@storybook/react-fuzzy,0.4.3,MIT,https://github.com/storybooks/react-fuzzy-search
@storybook/react-komposer,2.0.3,MIT,Unknown
@storybook/react-simple-di,1.3.0,MIT,Unknown
@storybook/react-stubber,1.0.1,MIT,Unknown
@storybook/storybook-deployer,2.2.0,MIT,https://github.com/storybooks/storybook-deployer#readme
@storybook/ui,3.2.17,MIT,Unknown
@types/inline-style-prefixer,3.0.1,MIT,Unknown
@types/node,8.5.1,MIT,Unknown
@types/react,16.0.30,MIT,Unknown
abab,1.0.4,ISC,https://github.com/jsdom/abab#readme
abbrev,1.1.1,ISC,Unknown
accepts,1.3.3,MIT,Unknown
accepts,1.3.4,MIT,Unknown
acorn,2.7.0,MIT,https://github.com/ternjs/acorn
acorn,3.3.0,MIT,https://github.com/ternjs/acorn
acorn,4.0.13,MIT,https://github.com/ternjs/acorn
acorn,5.2.1,MIT,https://github.com/ternjs/acorn
acorn-dynamic-import,2.0.2,MIT,https://github.com/kesne/acorn-dynamic-import
acorn-globals,1.0.9,MIT,Unknown
acorn-jsx,3.0.1,MIT,https://github.com/RReverser/acorn-jsx
after,0.8.2,MIT,Unknown
airbnb-js-shims,1.4.0,MIT,Unknown
ajv,4.11.8,MIT,https://github.com/epoberezkin/ajv
ajv,5.5.1,MIT,https://github.com/epoberezkin/ajv
ajv-keywords,2.1.1,MIT,https://github.com/epoberezkin/ajv-keywords#readme
align-text,0.1.4,MIT,https://github.com/jonschlinkert/align-text
alphanum-sort,1.0.2,MIT,https://github.com/TrySound/alphanum-sort
amdefine,1.0.1,BSD-3-Clause OR MIT,http://github.com/jrburke/amdefine
ansi-align,2.0.0,ISC,https://github.com/nexdrew/ansi-align#readme
ansi-escapes,3.0.0,MIT,sindresorhus.com
ansi-html,0.0.7,Apache 2.0,https://github.com/Tjatse/ansi-html
ansi-regex,2.1.1,MIT,sindresorhus.com
ansi-regex,3.0.0,MIT,sindresorhus.com
ansi-styles,2.2.1,MIT,sindresorhus.com
ansi-styles,3.2.0,MIT,sindresorhus.com
ansi-wrap,0.1.0,MIT,https://github.com/jonschlinkert/ansi-wrap
ansi-yellow,0.1.1,MIT,https://github.com/jonschlinkert/ansi-yellow
anymatch,1.3.2,ISC,https://github.com/es128/anymatch
aproba,1.2.0,ISC,https://github.com/iarna/aproba
are-we-there-yet,1.1.4,ISC,https://github.com/iarna/are-we-there-yet
argparse,1.0.9,MIT,Unknown
aria-query,0.7.0,Apache 2.0,https://github.com/A11yance/aria-query#readme
arr-diff,1.1.0,MIT,https://github.com/jonschlinkert/arr-diff
arr-diff,2.0.0,MIT,https://github.com/jonschlinkert/arr-diff
arr-flatten,1.1.0,MIT,https://github.com/jonschlinkert/arr-flatten
array-equal,1.0.0,MIT,http://jongleberry.com
array-find,1.0.0,MIT,https://github.com/stefanduberg/array-find
array-find-index,1.0.2,MIT,sindresorhus.com
array-flatten,1.1.1,MIT,https://github.com/blakeembrey/array-flatten
array-flatten,2.1.1,MIT,https://github.com/blakeembrey/array-flatten
array-includes,3.0.3,MIT,http://ljharb.codes
array-slice,0.2.3,MIT,https://github.com/jonschlinkert/array-slice
array-union,1.0.2,MIT,sindresorhus.com
array-uniq,1.0.3,MIT,sindresorhus.com
array-unique,0.2.1,MIT,https://github.com/jonschlinkert/array-unique
array.prototype.flatmap,1.1.1,MIT,http://ljharb.codes
array.prototype.flatten,1.1.1,MIT,http://ljharb.codes
arraybuffer.slice,0.0.6,MIT,https://github.com/rase-/arraybuffer.slice
arrify,1.0.1,MIT,sindresorhus.com
asap,2.0.6,MIT,Unknown
asn1,0.2.3,MIT,Unknown
asn1.js,4.9.2,MIT,https://github.com/indutny/asn1.js
assert,1.4.1,MIT,https://github.com/defunctzombie/commonjs-assert
assert-plus,0.2.0,MIT,Unknown
assert-plus,1.0.0,MIT,Unknown
assertion-error,1.0.2,MIT,http://qualiancy.com
ast-types,0.10.1,MIT,http://github.com/benjamn/ast-types
ast-types-flow,0.0.7,ISC,https://github.com/kyldvs/ast-types-flow#readme
async,0.9.2,MIT,Unknown
async,1.5.2,MIT,Unknown
async,2.6.0,MIT,https://caolan.github.io/async/
async-each,1.0.1,MIT,https://github.com/paulmillr/async-each/
async-foreach,0.1.3,MIT*,http://github.com/cowboy/javascript-sync-async-foreach
asynckit,0.4.0,MIT,https://github.com/alexindigo/asynckit#readme
autoprefixer,6.7.7,MIT,Unknown
autoprefixer,7.2.3,MIT,Unknown
aws-sign2,0.6.0,Apache 2.0,http://www.futurealoof.com
aws-sign2,0.7.0,Apache 2.0,http://www.futurealoof.com
aws4,1.6.0,MIT,http://github.com/mhart
axobject-query,0.1.0,Apache 2.0,https://github.com/A11yance/axobject-query#readme
babel-cli,6.26.0,MIT,https://babeljs.io/
babel-code-frame,6.26.0,MIT,https://babeljs.io/
babel-core,6.26.0,MIT,https://babeljs.io/
babel-eslint,8.0.3,MIT,https://github.com/babel/babel-eslint
babel-generator,6.26.0,MIT,https://babeljs.io/
babel-helper-bindify-decorators,6.24.1,MIT,Unknown
babel-helper-builder-binary-assignment-operator-visitor,6.24.1,MIT,Unknown
babel-helper-builder-react-jsx,6.26.0,MIT,Unknown
babel-helper-call-delegate,6.24.1,MIT,Unknown
babel-helper-define-map,6.26.0,MIT,Unknown
babel-helper-evaluate-path,0.2.0,MIT,https://github.com/babel/minify#readme
babel-helper-explode-assignable-expression,6.24.1,MIT,Unknown
babel-helper-explode-class,6.24.1,MIT,Unknown
babel-helper-flip-expressions,0.2.0,MIT,https://github.com/babel/minify#readme
babel-helper-function-name,6.24.1,MIT,Unknown
babel-helper-get-function-arity,6.24.1,MIT,Unknown
babel-helper-hoist-variables,6.24.1,MIT,Unknown
babel-helper-is-nodes-equiv,0.0.1,MIT,https://github.com/babel/babili#readme
babel-helper-is-void-0,0.2.0,MIT,https://github.com/babel/minify#readme
babel-helper-mark-eval-scopes,0.2.0,MIT,https://github.com/babel/minify#readme
babel-helper-optimise-call-expression,6.24.1,MIT,Unknown
babel-helper-regex,6.26.0,MIT,Unknown
babel-helper-remap-async-to-generator,6.24.1,MIT,Unknown
babel-helper-remove-or-void,0.2.0,MIT,https://github.com/babel/minify#readme
babel-helper-replace-supers,6.24.1,MIT,Unknown
babel-helper-to-multiple-sequence-expressions,0.2.0,MIT,https://github.com/babel/minify#readme
babel-helpers,6.24.1,MIT,https://babeljs.io/
babel-loader,7.1.2,MIT,https://github.com/babel/babel-loader
babel-messages,6.23.0,MIT,https://babeljs.io/
babel-plugin-check-es2015-constants,6.22.0,MIT,Unknown
babel-plugin-dynamic-import-node,1.1.0,MIT,https://github.com/airbnb/babel-plugin-dynamic-import-node#readme
babel-plugin-minify-builtins,0.2.0,MIT,https://github.com/babel/minify#readme
babel-plugin-minify-constant-folding,0.2.0,MIT,https://github.com/babel/minify#readme
babel-plugin-minify-dead-code-elimination,0.2.0,MIT,https://github.com/babel/minify#readme
babel-plugin-minify-flip-comparisons,0.2.0,MIT,https://github.com/babel/minify#readme
babel-plugin-minify-guarded-expressions,0.2.0,MIT,https://github.com/babel/minify#readme
babel-plugin-minify-infinity,0.2.0,MIT,https://github.com/babel/minify#readme
babel-plugin-minify-mangle-names,0.2.0,MIT,https://github.com/babel/minify#readme
babel-plugin-minify-numeric-literals,0.2.0,MIT,https://github.com/babel/minify#readme
babel-plugin-minify-replace,0.2.0,MIT,https://github.com/babel/minify#readme
babel-plugin-minify-simplify,0.2.0,MIT,https://github.com/babel/minify#readme
babel-plugin-minify-type-constructors,0.2.0,MIT,https://github.com/babel/minify#readme
babel-plugin-react-docgen,1.8.1,MIT,Unknown
babel-plugin-syntax-async-functions,6.13.0,MIT,Unknown
babel-plugin-syntax-async-generators,6.13.0,MIT,Unknown
babel-plugin-syntax-class-constructor-call,6.18.0,MIT,Unknown
babel-plugin-syntax-class-properties,6.13.0,MIT,Unknown
babel-plugin-syntax-decorators,6.13.0,MIT,Unknown
babel-plugin-syntax-do-expressions,6.13.0,MIT,Unknown
babel-plugin-syntax-dynamic-import,6.18.0,MIT,Unknown
babel-plugin-syntax-exponentiation-operator,6.13.0,MIT,Unknown
babel-plugin-syntax-export-extensions,6.13.0,MIT,Unknown
babel-plugin-syntax-flow,6.18.0,MIT,Unknown
babel-plugin-syntax-function-bind,6.13.0,MIT,Unknown
babel-plugin-syntax-jsx,6.18.0,MIT,Unknown
babel-plugin-syntax-object-rest-spread,6.13.0,MIT,Unknown
babel-plugin-syntax-trailing-function-commas,6.22.0,MIT,Unknown
babel-plugin-transform-async-generator-functions,6.24.1,MIT,Unknown
babel-plugin-transform-async-to-generator,6.24.1,MIT,Unknown
babel-plugin-transform-class-constructor-call,6.24.1,MIT,Unknown
babel-plugin-transform-class-properties,6.24.1,MIT,Unknown
babel-plugin-transform-decorators,6.24.1,MIT,Unknown
babel-plugin-transform-do-expressions,6.22.0,MIT,Unknown
babel-plugin-transform-es2015-arrow-functions,6.22.0,MIT,Unknown
babel-plugin-transform-es2015-block-scoped-functions,6.22.0,MIT,Unknown
babel-plugin-transform-es2015-block-scoping,6.26.0,MIT,Unknown
babel-plugin-transform-es2015-classes,6.24.1,MIT,Unknown
babel-plugin-transform-es2015-computed-properties,6.24.1,MIT,Unknown
babel-plugin-transform-es2015-destructuring,6.23.0,MIT,Unknown
babel-plugin-transform-es2015-duplicate-keys,6.24.1,MIT,Unknown
babel-plugin-transform-es2015-for-of,6.23.0,MIT,Unknown
babel-plugin-transform-es2015-function-name,6.24.1,MIT,Unknown
babel-plugin-transform-es2015-literals,6.22.0,MIT,Unknown
babel-plugin-transform-es2015-modules-amd,6.24.1,MIT,Unknown
babel-plugin-transform-es2015-modules-commonjs,6.26.0,MIT,Unknown
babel-plugin-transform-es2015-modules-systemjs,6.24.1,MIT,Unknown
babel-plugin-transform-es2015-modules-umd,6.24.1,MIT,Unknown
babel-plugin-transform-es2015-object-super,6.24.1,MIT,Unknown
babel-plugin-transform-es2015-parameters,6.24.1,MIT,Unknown
babel-plugin-transform-es2015-shorthand-properties,6.24.1,MIT,Unknown
babel-plugin-transform-es2015-spread,6.22.0,MIT,Unknown
babel-plugin-transform-es2015-sticky-regex,6.24.1,MIT,Unknown
babel-plugin-transform-es2015-template-literals,6.22.0,MIT,Unknown
babel-plugin-transform-es2015-typeof-symbol,6.23.0,MIT,Unknown
babel-plugin-transform-es2015-unicode-regex,6.24.1,MIT,Unknown
babel-plugin-transform-exponentiation-operator,6.24.1,MIT,Unknown
babel-plugin-transform-export-extensions,6.22.0,MIT,Unknown
babel-plugin-transform-flow-strip-types,6.22.0,MIT,Unknown
babel-plugin-transform-function-bind,6.22.0,MIT,Unknown
babel-plugin-transform-inline-consecutive-adds,0.2.0,MIT,https://github.com/babel/minify#readme
babel-plugin-transform-member-expression-literals,6.8.5,MIT,https://github.com/babel/minify#readme
babel-plugin-transform-merge-sibling-variables,6.8.6,MIT,https://github.com/babel/minify#readme
babel-plugin-transform-minify-booleans,6.8.3,MIT,https://github.com/babel/minify#readme
babel-plugin-transform-object-rest-spread,6.26.0,MIT,Unknown
babel-plugin-transform-property-literals,6.8.5,MIT,https://github.com/babel/minify#readme
babel-plugin-transform-react-constant-elements,6.23.0,MIT,Unknown
babel-plugin-transform-react-display-name,6.25.0,MIT,Unknown
babel-plugin-transform-react-jsx,6.24.1,MIT,Unknown
babel-plugin-transform-react-jsx-self,6.22.0,MIT,Unknown
babel-plugin-transform-react-jsx-source,6.22.0,MIT,Unknown
babel-plugin-transform-regenerator,6.26.0,MIT,https://github.com/babel/babel/tree/master/packages/babel-plugin-transform-regenerator
babel-plugin-transform-regexp-constructors,0.2.0,MIT,https://github.com/babel/minify#readme
babel-plugin-transform-remove-console,6.8.5,MIT,https://github.com/babel/minify#readme
babel-plugin-transform-remove-debugger,6.8.5,MIT,https://github.com/babel/minify#readme
babel-plugin-transform-remove-undefined,0.2.0,MIT,https://github.com/babel/minify#readme
babel-plugin-transform-runtime,6.23.0,MIT,Unknown
babel-plugin-transform-simplify-comparison-operators,6.8.5,MIT,https://github.com/babel/minify#readme
babel-plugin-transform-strict-mode,6.24.1,MIT,Unknown
babel-plugin-transform-undefined-to-void,6.8.3,MIT,https://github.com/babel/minify#readme
babel-polyfill,6.26.0,MIT,https://babeljs.io/
babel-preset-env,1.6.1,MIT,https://babeljs.io/
babel-preset-es2015,6.24.1,MIT,https://babeljs.io/
babel-preset-flow,6.23.0,MIT,Unknown
babel-preset-minify,0.2.0,MIT,https://github.com/babel/minify#readme
babel-preset-react,6.24.1,MIT,https://babeljs.io/
babel-preset-react-app,3.1.0,MIT,Unknown
babel-preset-stage-0,6.24.1,MIT,https://babeljs.io/
babel-preset-stage-1,6.24.1,MIT,https://babeljs.io/
babel-preset-stage-2,6.24.1,MIT,https://babeljs.io/
babel-preset-stage-3,6.24.1,MIT,https://babeljs.io/
babel-register,6.26.0,MIT,Unknown
babel-runtime,6.26.0,MIT,Unknown
babel-standalone,6.26.0,MIT,https://github.com/Daniel15/babel-standalone#readme
babel-template,6.26.0,MIT,https://babeljs.io/
babel-traverse,6.26.0,MIT,https://babeljs.io/
babel-types,6.26.0,MIT,https://babeljs.io/
babylon,5.8.38,MIT,https://babeljs.io/
babylon,6.18.0,MIT,https://babeljs.io/
babylon,7.0.0-beta.31,MIT,https://babeljs.io/
backo2,1.0.2,MIT,Unknown
balanced-match,0.4.2,MIT,https://github.com/juliangruber/balanced-match
balanced-match,1.0.0,MIT,https://github.com/juliangruber/balanced-match
base64-arraybuffer,0.1.5,MIT,https://github.com/niklasvh/base64-arraybuffer
base64-js,1.2.1,MIT,https://github.com/beatgammit/base64-js
base64id,1.0.0,MIT,Unknown
batch,0.6.1,MIT,Unknown
bcrypt-pbkdf,1.0.1,New BSD,Unknown
better-assert,1.0.2,MIT,Unknown
big.js,3.2.0,MIT,Unknown
binary-extensions,1.11.0,MIT,sindresorhus.com
blob,0.0.4,MIT*,https://github.com/rase-/blob
block-stream,0.0.9,ISC,http://blog.izs.me/
bluebird,2.11.0,MIT,https://github.com/petkaantonov/bluebird
bluebird,3.5.1,MIT,https://github.com/petkaantonov/bluebird
bn.js,4.11.8,MIT,https://github.com/indutny/bn.js
body-parser,1.18.2,MIT,Unknown
bonjour,3.5.0,MIT,https://github.com/watson/bonjour
boolbase,1.0.0,ISC,https://github.com/fb55/boolbase
boom,2.10.1,New BSD,Unknown
boom,4.3.1,New BSD,Unknown
boom,5.2.0,New BSD,Unknown
bootstrap,3.3.7,MIT,http://getbootstrap.com/
bowser,1.8.1,MIT,https://github.com/lancedikson/bowser
boxen,1.3.0,MIT,sindresorhus.com
brace-expansion,1.1.8,MIT,https://github.com/juliangruber/brace-expansion
braces,0.1.5,MIT,https://github.com/jonschlinkert/braces
braces,1.8.5,MIT,https://github.com/jonschlinkert/braces
brcast,3.0.1,MIT,https://github.com/vesparny/brcast
brorand,1.1.0,MIT,https://github.com/indutny/brorand
browserify-aes,1.1.1,MIT,https://github.com/crypto-browserify/browserify-aes
browserify-cipher,1.0.0,MIT,Unknown
browserify-des,1.0.0,MIT,https://github.com/crypto-browserify/browserify-des#readme
browserify-rsa,4.0.1,MIT,Unknown
browserify-sign,4.0.4,ISC,Unknown
browserify-zlib,0.2.0,MIT,https://github.com/devongovett/browserify-zlib
browserslist,1.7.7,MIT,Unknown
browserslist,2.10.0,MIT,Unknown
buffer,4.9.1,MIT,https://github.com/feross/buffer
buffer-indexof,1.1.1,MIT,Unknown
buffer-xor,1.0.3,MIT,https://github.com/crypto-browserify/buffer-xor
builtin-modules,1.1.1,MIT,sindresorhus.com
builtin-status-codes,3.0.0,MIT,bendrucker.me
bytes,3.0.0,MIT,http://tjholowaychuk.com
caller-path,0.1.0,MIT,http://sindresorhus.com
callsite,1.0.0,MIT*,Unknown
callsites,0.2.0,MIT,http://sindresorhus.com
camelcase,1.2.1,MIT,http://sindresorhus.com
camelcase,2.1.1,MIT,http://sindresorhus.com
camelcase,3.0.0,MIT,http://sindresorhus.com
camelcase,4.1.0,MIT,sindresorhus.com
camelcase-keys,2.1.0,MIT,http://sindresorhus.com
caniuse-api,1.6.1,MIT,Unknown
caniuse-db,1.0.30000783,CC-BY-4.0,Unknown
caniuse-lite,1.0.30000783,CC-BY-4.0,http://beneb.info
capture-stack-trace,1.0.0,MIT,github.com/floatdrop
case-sensitive-paths-webpack-plugin,2.1.1,MIT,https://github.com/Urthen/case-sensitive-paths-webpack-plugin#readme
caseless,0.11.0,Apache 2.0,Unknown
caseless,0.12.0,Apache 2.0,Unknown
center-align,0.1.3,MIT,https://github.com/jonschlinkert/center-align
chai,3.5.0,MIT,http://chaijs.com/
chain-function,1.0.0,MIT,https://github.com/jquense/chain-function#readme
chalk,1.1.3,MIT,Unknown
chalk,2.3.0,MIT,Unknown
chardet,0.4.2,MIT,https://github.com/runk/node-chardet
cheerio,1.0.0-rc.2,MIT,mat.io
chokidar,1.7.0,MIT,https://github.com/paulmillr/chokidar
cipher-base,1.0.4,MIT,https://github.com/crypto-browserify/cipher-base#readme
circular-json,0.3.3,MIT,https://github.com/WebReflection/circular-json
clap,1.2.3,MIT,https://github.com/lahmatiy/clap
classnames,2.2.5,MIT,Unknown
cli-boxes,1.0.0,MIT,sindresorhus.com
cli-cursor,2.1.0,MIT,sindresorhus.com
cli-width,2.2.0,ISC,https://github.com/knownasilya/cli-width
cliui,2.1.0,ISC,Unknown
cliui,3.2.0,ISC,Unknown
clone,1.0.3,MIT,http://paul.vorba.ch/
clone-deep,0.3.0,MIT,https://github.com/jonschlinkert/clone-deep
co,4.6.0,MIT,Unknown
coa,1.0.4,MIT,http://github.com/veged/coa
code-point-at,1.1.0,MIT,sindresorhus.com
color,0.11.4,MIT,Unknown
color-convert,1.9.1,MIT,Unknown
color-name,1.1.3,MIT,https://github.com/dfcreative/color-name
color-string,0.3.0,MIT,Unknown
colormin,1.1.2,MIT,https://github.com/ben-eb/colormin
colors,0.5.1,UNKNOWN,Unknown
colors,1.1.2,MIT,https://github.com/Marak/colors.js
combine-lists,1.0.1,MIT,https://github.com/sjelin/combine-lists#readme
combined-stream,1.0.5,MIT,https://github.com/felixge/node-combined-stream
commander,0.6.1,MIT,Unknown
commander,2.12.2,MIT,Unknown
commander,2.3.0,MIT,Unknown
common-tags,1.5.1,MIT,https://github.com/declandewet/common-tags
commondir,1.0.1,MIT,http://substack.net
component-bind,1.0.0,MIT*,Unknown
component-emitter,1.1.2,MIT*,Unknown
component-emitter,1.2.1,MIT,Unknown
component-inherit,0.0.3,MIT*,Unknown
compressible,2.0.12,MIT,Unknown
compression,1.7.1,MIT,Unknown
concat-map,0.0.1,MIT,http://substack.net
concat-stream,1.6.0,MIT,Unknown
configstore,3.1.1,Simplified BSD,sindresorhus.com
connect,3.6.5,MIT,http://tjholowaychuk.com
connect-history-api-fallback,1.5.0,MIT,http://bripkens.de
console-browserify,1.1.0,MIT,https://github.com/Raynos/console-browserify
console-control-strings,1.1.0,ISC,http://re-becca.org/
constants-browserify,1.0.0,MIT,https://github.com/juliangruber/constants-browserify
contains-path,0.1.0,MIT,https://github.com/jonschlinkert/contains-path
content-disposition,0.5.2,MIT,Unknown
content-type,1.0.4,MIT,Unknown
convert-source-map,1.5.1,MIT,https://github.com/thlorenz/convert-source-map
cookie,0.3.1,MIT,Unknown
cookie-signature,1.0.6,MIT,Unknown
copyfiles,1.2.0,ISC,Unknown
core-js,1.2.7,MIT,Unknown
core-js,2.5.3,MIT,Unknown
core-util-is,1.0.2,MIT,http://blog.izs.me/
cosmiconfig,2.2.2,MIT,https://github.com/davidtheclark/cosmiconfig#readme
create-ecdh,4.0.0,MIT,https://github.com/crypto-browserify/createECDH
create-error-class,3.0.2,MIT,github.com/floatdrop
create-hash,1.1.3,MIT,https://github.com/crypto-browserify/createHash
create-hmac,1.1.6,MIT,https://github.com/crypto-browserify/createHmac
create-react-class,15.6.2,MIT,https://facebook.github.io/react/
cross-spawn,3.0.1,MIT,http://indigounited.com
cross-spawn,5.1.0,MIT,http://indigounited.com
cryptiles,2.0.5,New BSD,Unknown
cryptiles,3.1.2,New BSD,Unknown
crypto-browserify,3.12.0,MIT,https://github.com/crypto-browserify/crypto-browserify
crypto-random-string,1.0.0,MIT,sindresorhus.com
css-color-names,0.0.4,MIT,http://www.daveeddy.com
css-in-js-utils,2.0.0,MIT,Unknown
css-loader,0.28.7,MIT,Unknown
css-select,1.2.0,Simplified BSD,Unknown
css-selector-tokenizer,0.7.0,MIT,https://github.com/css-modules/css-selector-tokenizer
css-what,2.1.0,Simplified BSD,http://feedic.com
cssesc,0.1.0,MIT,http://mths.be/cssesc
cssnano,3.10.0,MIT,https://github.com/ben-eb/cssnano
csso,2.3.2,MIT,https://github.com/css/csso
cssom,0.3.2,MIT,Unknown
cssstyle,0.2.37,MIT,https://github.com/chad3814/CSSStyleDeclaration
currently-unhandled,0.4.1,MIT,github.com/jamestalmage
custom-event,1.0.1,MIT,https://github.com/webmodules/custom-event
d,1.0.0,MIT,http://www.medikoo.com/
damerau-levenshtein,1.0.4,Simplified BSD,Unknown
dashdash,1.14.1,MIT,http://trentm.com
date-now,0.1.4,MIT,https://github.com/Colingo/date-now
debug,2.2.0,MIT,Unknown
debug,2.3.3,MIT,Unknown
debug,2.6.9,MIT,Unknown
debug,3.1.0,MIT,Unknown
decamelize,1.2.0,MIT,sindresorhus.com
deep-eql,0.1.3,MIT,Unknown
deep-equal,1.0.1,MIT,http://substack.net
deep-extend,0.4.2,MIT,https://github.com/unclechu/node-deep-extend
deep-is,0.1.3,MIT,http://thlorenz.com
define-properties,1.1.2,MIT,Unknown
defined,1.0.0,MIT,https://github.com/substack/defined
del,2.2.2,MIT,sindresorhus.com
del,3.0.0,MIT,sindresorhus.com
delayed-stream,1.0.0,MIT,https://github.com/felixge/node-delayed-stream
delegates,1.0.0,MIT,Unknown
depd,1.1.1,MIT,Unknown
des.js,1.0.0,MIT,https://github.com/indutny/des.js#readme
destroy,1.0.4,MIT,http://jongleberry.com
detect-file,0.1.0,MIT,https://github.com/doowb/detect-file
detect-indent,4.0.0,MIT,sindresorhus.com
detect-libc,1.0.3,Apache 2.0,Unknown
detect-node,2.0.3,ISC,https://github.com/iliakan/detect-node
di,0.0.1,MIT,Unknown
diff,1.4.0,BSD*,Unknown
diffie-hellman,5.0.2,MIT,https://github.com/crypto-browserify/diffie-hellman
discontinuous-range,1.0.0,MIT,https://github.com/dtudury/discontinuous-range
dns-equal,1.0.0,MIT,https://github.com/watson/dns-equal#readme
dns-packet,1.2.2,MIT,https://github.com/mafintosh/dns-packet
dns-txt,2.0.2,MIT,https://github.com/watson/dns-txt
doctrine,1.5.0,Simplified BSD,https://github.com/eslint/doctrine
doctrine,2.0.2,Apache 2.0,https://github.com/eslint/doctrine
dom-helpers,3.2.1,MIT,Unknown
dom-serialize,2.2.1,MIT,https://github.com/webmodules/dom-serialize
dom-serializer,0.1.0,MIT,Unknown
dom-walk,0.1.1,MIT,https://github.com/Raynos/dom-walk
domain-browser,1.1.7,MIT,https://github.com/bevry/domain-browser
domelementtype,1.1.3,Simplified BSD,Unknown
domelementtype,1.3.0,Simplified BSD,Unknown
domhandler,2.4.1,Simplified BSD,Unknown
domutils,1.5.1,Simplified BSD,Unknown
domutils,1.6.2,Simplified BSD,Unknown
dot-prop,4.2.0,MIT,sindresorhus.com
dotdir-regex,0.1.0,MIT,https://github.com/regexps/dotdir-regex
dotenv,4.0.0,Simplified BSD,Unknown
dotenv-webpack,1.5.4,MIT,https://github.com/mrsteele/dotenv-webpack#readme
duplexer,0.1.1,MIT,https://github.com/Raynos/duplexer
duplexer3,0.1.4,New BSD,http://www.fknsrs.biz/
ecc-jsbn,0.1.1,MIT,https://github.com/quartzjer/ecc-jsbn
ee-first,1.1.1,MIT,http://jongleberry.com
electron-to-chromium,1.3.28,ISC,Unknown
elliptic,6.4.0,MIT,https://github.com/indutny/elliptic
emoji-regex,6.5.1,MIT,https://mths.be/emoji-regex
emojis-list,2.1.0,MIT,https://github.com/Kikobeats/emojis-list
encodeurl,1.0.1,MIT,Unknown
encoding,0.1.12,MIT,Unknown
ends-with,0.2.0,MIT,https://github.com/jonschlinkert/ends-with
engine.io,1.8.3,MIT,https://github.com/socketio/engine.io
engine.io-client,1.8.3,MIT,https://github.com/socketio/engine.io-client
engine.io-parser,1.3.2,MIT,https://github.com/socketio/engine.io-parser
enhanced-resolve,3.4.1,MIT,http://github.com/webpack/enhanced-resolve
ent,2.2.0,MIT,http://substack.net
entities,1.1.1,Simplified BSD,Unknown
enzyme,3.2.0,MIT,http://airbnb.io/enzyme/
enzyme-adapter-react-15,1.0.5,MIT,http://airbnb.io/enzyme/
enzyme-adapter-utils,1.2.0,MIT,http://airbnb.io/enzyme/
errno,0.1.6,MIT,Unknown
error-ex,1.3.1,MIT,Unknown
es-abstract,1.10.0,MIT,http://ljharb.codes
es-to-primitive,1.1.1,MIT,Unknown
es5-ext,0.10.37,MIT,http://www.medikoo.com/
es5-shim,4.5.9,MIT,http://github.com/es-shims/es5-shim/
es6-iterator,2.0.3,MIT,http://www.medikoo.com/
es6-map,0.1.5,MIT,http://www.medikoo.com/
es6-promise,3.3.1,MIT,Conversion to ES6 API by Jake Archibald
es6-set,0.1.5,MIT,http://www.medikoo.com/
es6-shim,0.35.3,MIT,https://github.com/paulmillr/es6-shim/
es6-symbol,3.1.1,MIT,http://www.medikoo.com/
es6-weak-map,2.0.2,MIT,http://www.medikoo.com/
escape-html,1.0.3,MIT,Unknown
escape-string-regexp,1.0.2,MIT,http://sindresorhus.com
escape-string-regexp,1.0.5,MIT,sindresorhus.com
escodegen,1.9.0,Simplified BSD,http://github.com/estools/escodegen
escope,3.6.0,Simplified BSD,http://github.com/estools/escope
eslint,4.13.1,MIT,https://eslint.org/
eslint-config-prettier,2.9.0,MIT,Unknown
eslint-config-standard,10.2.1,MIT,https://github.com/feross/eslint-config-standard
eslint-import-resolver-node,0.3.1,MIT,https://github.com/benmosher/eslint-plugin-import
eslint-loader,1.9.0,MIT,Unknown
eslint-module-utils,2.1.1,MIT,https://github.com/benmosher/eslint-plugin-import#readme
eslint-plugin-babel,3.3.0,MIT,https://github.com/babel/eslint-plugin-babel#readme
eslint-plugin-import,2.8.0,MIT,https://github.com/benmosher/eslint-plugin-import
eslint-plugin-jasmine,2.9.1,MIT,https://github.com/tlvince/eslint-plugin-jasmine
eslint-plugin-jsx-a11y,6.0.3,MIT,Unknown
eslint-plugin-node,5.2.1,MIT,https://github.com/mysticatea/eslint-plugin-node#readme
eslint-plugin-prettier,2.3.1,MIT,https://github.com/prettier/eslint-plugin-prettier#readme
eslint-plugin-promise,3.6.0,ISC,Unknown
eslint-plugin-react,7.5.1,MIT,https://github.com/yannickcr/eslint-plugin-react
eslint-plugin-standard,3.0.1,MIT,https://github.com/xjamundx/eslint-plugin-standard#readme
eslint-scope,3.7.1,Simplified BSD,http://github.com/eslint/eslint-scope
espree,3.5.2,Simplified BSD,https://github.com/eslint/espree
esprima,2.7.3,Simplified BSD,http://esprima.org/
esprima,3.1.3,Simplified BSD,http://esprima.org/
esprima,4.0.0,Simplified BSD,http://esprima.org/
esquery,1.0.0,New BSD,Unknown
esrecurse,4.2.0,Simplified BSD,https://github.com/estools/esrecurse
estraverse,4.2.0,Simplified BSD,https://github.com/estools/estraverse
esutils,2.0.2,Simplified BSD,https://github.com/estools/esutils
etag,1.8.1,MIT,Unknown
event-emitter,0.3.5,MIT,http://www.medikoo.com/
event-stream,3.3.4,MIT,http://github.com/dominictarr/event-stream
eventemitter3,1.2.0,MIT,Unknown
events,1.1.1,MIT,http://jeditoolkit.com
eventsource,0.1.6,MIT,http://github.com/aslakhellesoy/eventsource-node
evp_bytestokey,1.0.3,MIT,https://github.com/crypto-browserify/EVP_BytesToKey
execa,0.7.0,MIT,sindresorhus.com
exenv,1.2.2,New BSD,https://github.com/JedWatson/exenv
exit,0.1.2,MIT,https://github.com/cowboy/node-exit
expand-braces,0.1.2,MIT,https://github.com/jonschlinkert/expand-braces
expand-brackets,0.1.5,MIT,https://github.com/jonschlinkert/expand-brackets
expand-range,0.1.1,MIT,https://github.com/jonschlinkert/expand-range
expand-range,1.8.2,MIT,https://github.com/jonschlinkert/expand-range
expand-tilde,1.2.2,MIT,https://github.com/jonschlinkert/expand-tilde
export-files,2.1.1,MIT,https://github.com/jonschlinkert/export-files
express,4.16.2,MIT,http://expressjs.com/
extend,3.0.1,MIT,http://www.justmoon.net
extend-shallow,2.0.1,MIT,https://github.com/jonschlinkert/extend-shallow
external-editor,2.1.0,MIT,https://github.com/mrkmg/node-external-editor#readme
extglob,0.3.2,MIT,https://github.com/jonschlinkert/extglob
extsprintf,1.3.0,MIT,Unknown
extsprintf,1.4.0,MIT,Unknown
fast-deep-equal,1.0.0,MIT,https://github.com/epoberezkin/fast-deep-equal#readme
fast-diff,1.1.2,Apache 2.0,Unknown
fast-json-stable-stringify,2.0.0,MIT,https://github.com/epoberezkin/fast-json-stable-stringify
fast-levenshtein,2.0.6,MIT,http://www.hiddentao.com/
fast-memoize,2.2.8,MIT,https://github.com/caiogondim/fast-memoize#readme
fastparse,1.1.1,MIT,https://github.com/webpack/fastparse
faye-websocket,0.10.0,MIT,http://github.com/faye/faye-websocket-node
faye-websocket,0.11.1,MIT,https://github.com/faye/faye-websocket-node
fbjs,0.8.16,MIT,Unknown
figures,2.0.0,MIT,sindresorhus.com
file-entry-cache,2.0.0,MIT,http://royriojas.com
file-loader,1.1.5,MIT,https://github.com/webpack/file-loader
filename-regex,2.0.1,MIT,https://github.com/regexhq/filename-regex
fill-range,2.2.3,MIT,https://github.com/jonschlinkert/fill-range
finalhandler,1.0.6,MIT,Unknown
finalhandler,1.1.0,MIT,Unknown
find-cache-dir,0.1.1,MIT,github.com/jamestalmage
find-cache-dir,1.0.0,MIT,github.com/jamestalmage
find-up,1.1.2,MIT,sindresorhus.com
find-up,2.1.0,MIT,sindresorhus.com
findup-sync,1.0.0,MIT,https://github.com/cowboy/node-findup-sync
flat-cache,1.3.0,MIT,http://royriojas.com
flatten,1.0.2,MIT,http://jesusabdullah.net
for-in,0.1.8,MIT,https://github.com/jonschlinkert/for-in
for-in,1.0.2,MIT,https://github.com/jonschlinkert/for-in
for-own,0.1.5,MIT,https://github.com/jonschlinkert/for-own
for-own,1.0.0,MIT,https://github.com/jonschlinkert/for-own
foreach,2.0.5,MIT,Unknown
forever-agent,0.6.1,Apache 2.0,http://www.futurealoof.com
form-data,2.1.4,MIT,http://debuggable.com/
form-data,2.3.1,MIT,http://debuggable.com/
formatio,1.1.1,New BSD,http://busterjs.org/docs/formatio/
forwarded,0.1.2,MIT,Unknown
fresh,0.5.2,MIT,http://tjholowaychuk.com
from,0.1.7,MIT,dominictarr.com
fs-access,1.0.1,MIT,sindresorhus.com
fs-exists-sync,0.1.0,MIT,https://github.com/jonschlinkert/fs-exists-sync
fs-readdir-recursive,1.1.0,MIT,http://jongleberry.com
fs.realpath,1.0.0,ISC,http://blog.izs.me/
fsevents,1.1.3,MIT,https://github.com/strongloop/fsevents
fstream,1.0.11,ISC,http://blog.izs.me/
fstream-ignore,1.0.5,ISC,http://blog.izs.me/
function-bind,1.1.1,MIT,https://github.com/Raynos/function-bind
function.prototype.name,1.0.3,MIT,Unknown
functional-red-black-tree,1.0.1,MIT,Unknown
fuse.js,3.2.0,Apache 2.0,http://fusejs.io/
gauge,2.7.4,ISC,https://github.com/iarna/gauge
gaze,1.1.2,MIT,https://github.com/shama/gaze
generate-function,2.0.0,MIT,https://github.com/mafintosh/generate-function
generate-object-property,1.2.0,MIT,https://github.com/mafintosh/generate-object-property
get-caller-file,1.0.2,ISC,https://github.com/stefanpenner/get-caller-file#readme
get-stdin,4.0.1,MIT,http://sindresorhus.com
get-stdin,5.0.1,MIT,sindresorhus.com
get-stream,3.0.0,MIT,sindresorhus.com
get-value,1.3.1,MIT,https://github.com/jonschlinkert/get-value
getpass,0.1.7,MIT,Unknown
git-up,2.0.9,MIT,https://github.com/IonicaBizau/git-up
git-url-parse,6.2.2,MIT,https://github.com/IonicaBizau/git-url-parse
glamor,2.20.40,MIT,https://github.com/threepointone/glamor
glamorous,4.11.0,MIT,https://github.com/paypal/glamorous#readme
glob,3.2.11,BSD,http://blog.izs.me/
glob,6.0.4,ISC,http://blog.izs.me/
glob,7.1.2,ISC,http://blog.izs.me/
glob-base,0.3.0,MIT,https://github.com/jonschlinkert/glob-base
glob-fs,0.1.7,MIT,https://github.com/jonschlinkert/glob-fs
glob-fs-dotfiles,0.1.6,MIT,https://github.com/jonschlinkert/glob-fs-dotfiles
glob-fs-gitignore,0.1.6,MIT,https://github.com/jonschlinkert/glob-fs-gitignore
glob-parent,1.3.0,ISC,https://github.com/es128/glob-parent
glob-parent,2.0.0,ISC,https://github.com/es128/glob-parent
global,4.3.2,MIT,https://github.com/Raynos/global
global-dirs,0.1.1,MIT,sindresorhus.com
global-modules,0.2.3,MIT,https://github.com/jonschlinkert/global-modules
global-prefix,0.1.5,MIT,https://github.com/jonschlinkert/global-prefix
globals,10.4.0,MIT,sindresorhus.com
globals,11.1.0,MIT,sindresorhus.com
globals,9.18.0,MIT,http://sindresorhus.com
globby,5.0.0,MIT,sindresorhus.com
globby,6.1.0,MIT,sindresorhus.com
globule,1.2.0,MIT,https://github.com/cowboy/node-globule
got,6.7.1,MIT,Unknown
graceful-fs,4.1.11,ISC,Unknown
growl,1.9.2,MIT,Unknown
handle-thing,1.2.5,MIT,https://github.com/indutny/handle-thing#readme
har-schema,1.0.5,ISC,https://github.com/ahmadnassri/har-schema
har-schema,2.0.0,ISC,https://github.com/ahmadnassri/har-schema
har-validator,2.0.6,ISC,https://github.com/ahmadnassri/har-validator
har-validator,4.2.1,ISC,https://github.com/ahmadnassri/har-validator
har-validator,5.0.3,ISC,https://github.com/ahmadnassri/har-validator
has,1.0.1,MIT,https://github.com/tarruda/has
has-ansi,2.0.0,MIT,sindresorhus.com
has-binary,0.1.7,MIT,Unknown
has-cors,1.1.0,MIT,http://n8.io/
has-flag,1.0.0,MIT,sindresorhus.com
has-flag,2.0.0,MIT,sindresorhus.com
has-unicode,2.0.1,ISC,https://github.com/iarna/has-unicode
hash-base,2.0.2,MIT,https://github.com/crypto-browserify/hash-base
hash-base,3.0.4,MIT,https://github.com/crypto-browserify/hash-base
hash.js,1.1.3,MIT,https://github.com/indutny/hash.js
hawk,3.1.3,New BSD,http://hueniverse.com
hawk,6.0.2,New BSD,http://hueniverse.com
he,1.1.1,MIT,https://mths.be/he
hmac-drbg,1.0.1,MIT,https://github.com/indutny/hmac-drbg#readme
hoek,2.16.3,New BSD,Unknown
hoek,4.2.0,New BSD,Unknown
hoist-non-react-statics,1.2.0,BSD*,Unknown
home-or-tmp,2.0.0,MIT,sindresorhus.com
homedir-polyfill,1.0.1,MIT,https://github.com/doowb/homedir-polyfill
hosted-git-info,2.5.0,ISC,https://github.com/npm/hosted-git-info
hpack.js,2.1.6,MIT,https://github.com/indutny/hpack.js#readme
html-comment-regex,1.1.1,MIT,https://github.com/stevemao/html-comment-regex
html-element-attributes,1.3.0,MIT,http://wooorm.com
html-entities,1.2.1,MIT,Unknown
html-tag-names,1.1.2,MIT,http://wooorm.com
htmlparser2,3.9.2,MIT,Unknown
http-deceiver,1.2.7,MIT,https://github.com/indutny/http-deceiver#readme
http-errors,1.6.2,MIT,http://jongleberry.com
http-parser-js,0.4.9,MIT,https://github.com/creationix
http-proxy,1.16.2,MIT,Unknown
http-proxy-middleware,0.17.4,MIT,https://github.com/chimurai/http-proxy-middleware
http-signature,1.1.1,MIT,https://github.com/joyent/node-http-signature/
http-signature,1.2.0,MIT,https://github.com/joyent/node-http-signature/
https-browserify,1.0.0,MIT,https://github.com/substack/https-browserify
hyphenate-style-name,1.0.2,New BSD,https://github.com/rexxars/hyphenate-style-name#readme
iconv-lite,0.4.19,MIT,https://github.com/ashtuchkin/iconv-lite
icss-replace-symbols,1.1.0,ISC,https://github.com/css-modules/icss-replace-symbols#readme
icss-utils,2.1.0,ISC,https://github.com/css-modules/icss-utils#readme
ieee754,1.1.8,New BSD,http://feross.org
ignore,3.3.7,MIT,Unknown
ignore-by-default,1.0.1,ISC,https://github.com/novemberborn/ignore-by-default#readme
immutable,3.8.2,MIT,https://facebook.github.com/immutable-js
import-lazy,2.1.0,MIT,sindresorhus.com
import-local,0.1.1,MIT,sindresorhus.com
imurmurhash,0.1.4,MIT,https://github.com/jensyt/imurmurhash-js
in-publish,2.0.0,ISC,https://github.com/iarna/in-publish
indent-string,2.1.0,MIT,sindresorhus.com
indexes-of,1.0.1,MIT,https://github.com/dominictarr/indexes-of
indexof,0.0.1,MIT*,Unknown
inflight,1.0.6,ISC,https://github.com/isaacs/inflight
inherits,2.0.1,ISC,Unknown
inherits,2.0.3,ISC,Unknown
ini,1.3.5,ISC,http://blog.izs.me/
inline-style-prefixer,2.0.5,MIT,Unknown
inline-style-prefixer,3.0.8,MIT,Unknown
inquirer,3.3.0,MIT,Unknown
internal-ip,1.2.0,MIT,sindresorhus.com
interpret,1.1.0,MIT,https://github.com/tkellen/node-interpret
invariant,2.2.2,New BSD,Unknown
invert-kv,1.0.0,MIT,http://sindresorhus.com
ip,1.1.5,MIT,https://github.com/indutny/node-ip
ipaddr.js,1.5.2,MIT,Unknown
is-absolute,0.2.6,MIT,https://github.com/jonschlinkert/is-absolute
is-absolute-url,2.1.0,MIT,http://sindresorhus.com
is-arrayish,0.2.1,MIT,http://github.com/qix-
is-binary-path,1.0.1,MIT,sindresorhus.com
is-buffer,1.1.6,MIT,http://feross.org/
is-builtin-module,1.0.0,MIT,sindresorhus.com
is-callable,1.1.3,MIT,http://ljharb.codes
is-date-object,1.0.1,MIT,Unknown
is-directory,0.3.1,MIT,https://github.com/jonschlinkert/is-directory
is-dom,1.0.9,MIT,Unknown
is-dotdir,0.1.0,MIT,https://github.com/jonschlinkert/is-dotdir
is-dotfile,1.0.3,MIT,https://github.com/jonschlinkert/is-dotfile
is-equal-shallow,0.1.3,MIT,https://github.com/jonschlinkert/is-equal-shallow
is-extendable,0.1.1,MIT,https://github.com/jonschlinkert/is-extendable
is-extglob,1.0.0,MIT,https://github.com/jonschlinkert/is-extglob
is-extglob,2.1.1,MIT,https://github.com/jonschlinkert/is-extglob
is-finite,1.0.2,MIT,sindresorhus.com
is-fullwidth-code-point,1.0.0,MIT,sindresorhus.com
is-fullwidth-code-point,2.0.0,MIT,sindresorhus.com
is-function,1.0.1,MIT,https://github.com/grncdr/js-is-function
is-glob,1.1.3,MIT,https://github.com/jonschlinkert/is-glob
is-glob,2.0.1,MIT,https://github.com/jonschlinkert/is-glob
is-glob,3.1.0,MIT,https://github.com/jonschlinkert/is-glob
is-installed-globally,0.1.0,MIT,sindresorhus.com
is-my-json-valid,2.16.1,MIT,https://github.com/mafintosh/is-my-json-valid
is-npm,1.0.0,MIT,http://sindresorhus.com
is-number,0.1.1,MIT,https://github.com/jonschlinkert/is-number
is-number,2.1.0,MIT,https://github.com/jonschlinkert/is-number
is-number,3.0.0,MIT,https://github.com/jonschlinkert/is-number
is-obj,1.0.1,MIT,sindresorhus.com
is-path-cwd,1.0.0,MIT,http://sindresorhus.com
is-path-in-cwd,1.0.0,MIT,http://sindresorhus.com
is-path-inside,1.0.1,MIT,sindresorhus.com
is-plain-obj,1.1.0,MIT,sindresorhus.com
is-plain-object,2.0.4,MIT,https://github.com/jonschlinkert/is-plain-object
is-posix-bracket,0.1.1,MIT,https://github.com/jonschlinkert/is-posix-bracket
is-primitive,2.0.0,MIT,https://github.com/jonschlinkert/is-primitive
is-promise,2.1.0,MIT,Unknown
is-property,1.0.2,MIT,Unknown
is-redirect,1.0.0,MIT,sindresorhus.com
is-regex,1.0.4,MIT,https://github.com/ljharb/is-regex
is-relative,0.2.1,MIT,https://github.com/jonschlinkert/is-relative
is-resolvable,1.0.1,MIT,https://github.com/shinnn
is-retry-allowed,1.1.0,MIT,github.com/floatdrop
is-ssh,1.3.0,MIT,https://github.com/IonicaBizau/node-is-ssh
is-stream,1.1.0,MIT,sindresorhus.com
is-subset,0.1.1,MIT,Unknown
is-svg,2.1.0,MIT,sindresorhus.com
is-symbol,1.0.1,MIT,Unknown
is-typedarray,1.0.0,MIT,https://github.com/hughsk/is-typedarray
is-unc-path,0.1.2,MIT,https://github.com/jonschlinkert/is-unc-path
is-utf8,0.2.1,MIT,Unknown
is-windows,0.1.1,MIT,https://github.com/jonschlinkert/is-windows
is-windows,0.2.0,MIT,https://github.com/jonschlinkert/is-windows
is-wsl,1.1.0,MIT,sindresorhus.com
isarray,0.0.1,MIT,https://github.com/juliangruber/isarray
isarray,1.0.0,MIT,https://github.com/juliangruber/isarray
isbinaryfile,3.0.2,MIT,Unknown
isexe,2.0.0,ISC,https://github.com/isaacs/isexe#readme
isobject,1.0.2,MIT,https://github.com/jonschlinkert/isobject
isobject,2.1.0,MIT,https://github.com/jonschlinkert/isobject
isobject,3.0.1,MIT,https://github.com/jonschlinkert/isobject
isomorphic-fetch,2.2.1,MIT,https://github.com/matthew-andrews/isomorphic-fetch/issues
isstream,0.1.2,MIT,https://github.com/rvagg/isstream
jade,0.26.3,MIT,Unknown
jasmine,2.8.0,MIT,http://jasmine.github.io/
jasmine-core,2.8.0,MIT,http://jasmine.github.io/
jest-docblock,21.2.0,MIT,Unknown
js-base64,2.4.0,New BSD,Unknown
js-tokens,3.0.2,MIT,Unknown
js-yaml,3.10.0,MIT,https://github.com/nodeca/js-yaml
js-yaml,3.7.0,MIT,https://github.com/nodeca/js-yaml
jsbn,0.1.1,MIT,Unknown
jsdom,8.5.0,MIT,Unknown
jsesc,0.5.0,MIT,http://mths.be/jsesc
jsesc,1.3.0,MIT,https://mths.be/jsesc
json-loader,0.5.7,MIT,Unknown
json-schema,0.2.3,BSD*,Unknown
json-schema-traverse,0.3.1,MIT,https://github.com/epoberezkin/json-schema-traverse#readme
json-stable-stringify,1.0.1,MIT,https://github.com/substack/json-stable-stringify
json-stable-stringify-without-jsonify,1.0.1,MIT,https://github.com/samn/json-stable-stringify
json-stringify-safe,5.0.1,ISC,https://github.com/isaacs/json-stringify-safe
json3,3.3.2,MIT,http://bestiejs.github.io/json3
json5,0.5.1,MIT,http://json5.org/
jsonify,0.0.0,Public Domain,http://crockford.com/
jsonpointer,4.0.1,MIT,Unknown
jsprim,1.4.1,MIT,Unknown
jsx-ast-utils,2.0.1,MIT,Unknown
karma,1.7.1,MIT,http://karma-runner.github.io/
karma-chrome-launcher,2.2.0,MIT,Unknown
karma-jasmine,1.1.1,MIT,Unknown
karma-mocha-reporter,2.2.5,MIT,http://www.litixsoft.de/index.php?lang=en#modules
karma-sourcemap-loader,0.3.7,MIT,Unknown
karma-webpack,2.0.9,MIT,http://github.com/webpack/karma-webpack
keycode,2.1.9,MIT,https://github.com/timoxley/keycode
killable,1.0.0,ISC,Unknown
kind-of,1.1.0,MIT,https://github.com/jonschlinkert/kind-of
kind-of,2.0.1,MIT,https://github.com/jonschlinkert/kind-of
kind-of,3.2.2,MIT,https://github.com/jonschlinkert/kind-of
kind-of,4.0.0,MIT,https://github.com/jonschlinkert/kind-of
latest-version,3.1.0,MIT,sindresorhus.com
lazy-cache,0.1.0,MIT,https://github.com/jonschlinkert/lazy-cache
lazy-cache,0.2.7,MIT,https://github.com/jonschlinkert/lazy-cache
lazy-cache,1.0.4,MIT,https://github.com/jonschlinkert/lazy-cache
lcid,1.0.0,MIT,sindresorhus.com
levn,0.3.0,MIT,https://github.com/gkz/levn
load-json-file,1.1.0,MIT,sindresorhus.com
load-json-file,2.0.0,MIT,sindresorhus.com
loader-fs-cache,1.0.1,ISC,Unknown
loader-runner,2.3.0,MIT,https://github.com/webpack/loader-runner#readme
loader-utils,0.2.17,MIT,Unknown
loader-utils,1.1.0,MIT,Unknown
locate-path,2.0.0,MIT,sindresorhus.com
lodash,3.10.1,MIT,https://lodash.com/
lodash,4.17.4,MIT,https://lodash.com/
lodash-es,4.17.4,MIT,https://lodash.com/custom-builds
lodash._baseassign,3.2.0,MIT,https://lodash.com/
lodash._basecopy,3.0.1,MIT,https://lodash.com/
lodash._bindcallback,3.0.1,MIT,https://lodash.com/
lodash._createassigner,3.1.1,MIT,https://lodash.com/
lodash._getnative,3.9.1,MIT,https://lodash.com/
lodash._isiterateecall,3.0.9,MIT,https://lodash.com/
lodash.assign,3.2.0,MIT,https://lodash.com/
lodash.assign,4.2.0,MIT,https://lodash.com/
lodash.camelcase,4.3.0,MIT,https://lodash.com/
lodash.clonedeep,4.5.0,MIT,https://lodash.com/
lodash.cond,4.5.2,MIT,https://lodash.com/
lodash.debounce,4.0.8,MIT,https://lodash.com/
lodash.defaults,3.1.2,MIT,https://lodash.com/
lodash.flattendeep,4.4.0,MIT,https://lodash.com/
lodash.isarguments,3.1.0,MIT,https://lodash.com/
lodash.isarray,3.0.4,MIT,https://lodash.com/
lodash.isplainobject,4.0.6,MIT,https://lodash.com/
lodash.keys,3.1.2,MIT,https://lodash.com/
lodash.memoize,4.1.2,MIT,https://lodash.com/
lodash.mergewith,4.6.0,MIT,https://lodash.com/
lodash.pick,4.4.0,MIT,https://lodash.com/
lodash.restparam,3.6.1,MIT,https://lodash.com/
lodash.some,4.6.0,MIT,https://lodash.com/
lodash.sortby,4.7.0,MIT,https://lodash.com/
lodash.tail,4.1.1,MIT,https://lodash.com/
lodash.uniq,4.5.0,MIT,https://lodash.com/
log-symbols,2.1.0,MIT,sindresorhus.com
log4js,0.6.38,Apache 2.0,Unknown
loglevel,1.6.0,MIT,https://github.com/pimterry/loglevel
lolex,1.3.2,New BSD,http://github.com/sinonjs/lolex
longest,1.0.1,MIT,https://github.com/jonschlinkert/longest
loose-envify,1.3.1,MIT,https://github.com/zertosh/loose-envify
loud-rejection,1.6.0,MIT,sindresorhus.com
lowercase-keys,1.0.0,MIT,sindresorhus.com
lru-cache,2.2.4,MIT,Unknown
lru-cache,2.7.3,ISC,Unknown
lru-cache,4.1.1,ISC,Unknown
ltcdr,2.2.1,MIT,Unknown
macaddress,0.2.8,MIT,https://github.com/scravy/node-macaddress
make-dir,1.1.0,MIT,sindresorhus.com
map-cache,0.2.2,MIT,https://github.com/jonschlinkert/map-cache
map-obj,1.0.1,MIT,sindresorhus.com
map-stream,0.1.0,UNKNOWN,http://github.com/dominictarr/map-stream
marked,0.3.7,MIT,https://github.com/chjj/marked
marksy,2.0.1,MIT,https://github.com/cerebral/marksy
math-expression-evaluator,1.2.17,MIT,https://github.com/redhivesoftware/math-expression-evaluator#readme
md5.js,1.3.4,MIT,https://github.com/crypto-browserify/md5.js
media-typer,0.3.0,MIT,Unknown
mem,1.1.0,MIT,sindresorhus.com
memory-fs,0.4.1,MIT,https://github.com/webpack/memory-fs
meow,3.7.0,MIT,sindresorhus.com
merge-descriptors,1.0.1,MIT,http://jongleberry.com
methods,1.1.2,MIT,Unknown
micromatch,2.2.0,MIT,https://github.com/jonschlinkert/micromatch
micromatch,2.3.11,MIT,https://github.com/jonschlinkert/micromatch
miller-rabin,4.0.1,MIT,https://github.com/indutny/miller-rabin
mime,1.4.1,MIT,http://github.com/broofa
mime,1.6.0,MIT,http://github.com/broofa
mime-db,1.30.0,MIT,Unknown
mime-db,1.32.0,MIT,Unknown
mime-types,2.1.17,MIT,Unknown
mimic-fn,1.1.0,MIT,sindresorhus.com
min-document,2.19.0,MIT,https://github.com/Raynos/min-document
minimalistic-assert,1.0.0,ISC,https://github.com/calvinmetcalf/minimalistic-assert
minimalistic-crypto-utils,1.0.1,MIT,https://github.com/indutny/minimalistic-crypto-utils#readme
minimatch,0.3.0,MIT,http://blog.izs.me
minimatch,3.0.4,ISC,http://blog.izs.me
minimist,0.0.10,MIT,https://github.com/substack/minimist
minimist,0.0.8,MIT,https://github.com/substack/minimist
minimist,1.2.0,MIT,https://github.com/substack/minimist
mixin-object,2.0.1,MIT,https://github.com/jonschlinkert/mixin-object
mkdirp,0.3.0,MIT,http://substack.net
mkdirp,0.5.1,MIT,http://substack.net
mocha,2.5.3,MIT,Unknown
moment,2.21.0,MIT,http://momentjs.com/
ms,0.7.1,MIT,Unknown
ms,0.7.2,MIT,Unknown
ms,2.0.0,MIT,Unknown
multicast-dns,6.2.1,MIT,https://github.com/mafintosh/multicast-dns
multicast-dns-service-types,1.1.0,MIT,https://github.com/mafintosh/multicast-dns-service-types
mute-stream,0.0.7,ISC,http://blog.izs.me/
nan,2.8.0,MIT,Unknown
natural-compare,1.4.0,MIT,https://github.com/litejs/natural-compare-lite
nearley,2.11.0,MIT,Unknown
negotiator,0.6.1,MIT,Unknown
node-dir,0.1.17,MIT,https://github.com/fshost
node-fetch,1.7.3,MIT,https://github.com/bitinn/node-fetch
node-forge,0.6.33,BSD*,http://github.com/digitalbazaar/forge
node-gyp,3.6.2,MIT,http://tootallnate.net
node-libs-browser,2.1.0,MIT,http://github.com/webpack/node-libs-browser
node-pre-gyp,0.6.39,New BSD,Unknown
node-sass,4.7.2,MIT,https://github.com/sass/node-sass
nodemon,1.13.2,MIT,http://nodemon.io/
nomnom,1.6.2,MIT,Unknown
noms,0.0.0,ISC,Unknown
noncharacters,1.1.0,MIT,https://github.com/jonschlinkert/noncharacters
nopt,1.0.10,MIT,http://blog.izs.me/
nopt,3.0.6,ISC,http://blog.izs.me/
nopt,4.0.1,ISC,http://blog.izs.me/
normalize-package-data,2.4.0,Simplified BSD,Unknown
normalize-path,2.1.1,MIT,https://github.com/jonschlinkert/normalize-path
normalize-range,0.1.2,MIT,github.com/jamestalmage
normalize-url,1.9.1,MIT,sindresorhus.com
npm-run-path,2.0.2,MIT,sindresorhus.com
npmlog,4.1.2,ISC,http://blog.izs.me/
nth-check,1.0.1,BSD,https://github.com/fb55/nth-check
null-check,1.0.0,MIT,sindresorhus.com
num2fraction,1.2.2,MIT,http://iyunlu.com/view
number-is-nan,1.0.1,MIT,sindresorhus.com
nwmatcher,1.4.3,MIT,http://javascript.nwbox.com/NWMatcher/
oauth-sign,0.8.2,Apache 2.0,http://www.futurealoof.com
object-assign,3.0.0,MIT,http://sindresorhus.com
object-assign,4.1.0,MIT,sindresorhus.com
object-assign,4.1.1,MIT,sindresorhus.com
object-component,0.0.3,MIT*,Unknown
object-hash,1.2.0,MIT,https://github.com/puleos/object-hash
object-is,1.0.1,MIT,https://github.com/ljharb/object-is
object-keys,1.0.11,MIT,http://ljharb.codes
object-visit,0.1.0,MIT,https://github.com/jonschlinkert/object-visit
object.assign,4.0.4,MIT,Unknown
object.entries,1.0.4,MIT,Unknown
object.getownpropertydescriptors,2.0.3,MIT,Unknown
object.omit,1.1.0,MIT,https://github.com/jonschlinkert/object.omit
object.omit,2.0.1,MIT,https://github.com/jonschlinkert/object.omit
object.values,1.0.4,MIT,Unknown
obuf,1.1.1,MIT,https://github.com/indutny/offset-buffer
on-finished,2.3.0,MIT,Unknown
on-headers,1.0.1,MIT,Unknown
once,1.4.0,ISC,http://blog.izs.me/
onetime,2.0.1,MIT,sindresorhus.com
opn,5.1.0,MIT,sindresorhus.com
optimist,0.6.1,MIT,http://substack.net
optionator,0.8.2,MIT,https://github.com/gkz/optionator
options,0.0.6,MIT,http://2x.io
original,1.0.0,MIT,Unknown
os-browserify,0.3.0,MIT,Unknown
os-homedir,1.0.2,MIT,sindresorhus.com
os-locale,1.4.0,MIT,sindresorhus.com
os-locale,2.1.0,MIT,sindresorhus.com
os-tmpdir,1.0.2,MIT,sindresorhus.com
osenv,0.1.4,ISC,http://blog.izs.me/
output-file-sync,1.1.2,MIT,https://github.com/shinnn
p-finally,1.0.0,MIT,sindresorhus.com
p-limit,1.1.0,MIT,sindresorhus.com
p-locate,2.0.0,MIT,sindresorhus.com
p-map,1.2.0,MIT,sindresorhus.com
package-json,4.0.1,MIT,sindresorhus.com
pako,1.0.6,(MIT AND Zlib),https://github.com/nodeca/pako
parse-asn1,5.1.0,ISC,Unknown
parse-filepath,0.6.3,MIT,https://github.com/jonschlinkert/parse-filepath
parse-gitignore,0.2.0,MIT,https://github.com/jonschlinkert/parse-gitignore
parse-glob,3.0.4,MIT,https://github.com/jonschlinkert/parse-glob
parse-json,2.2.0,MIT,sindresorhus.com
parse-passwd,1.0.0,MIT,https://github.com/doowb/parse-passwd
parse-url,1.3.11,MIT,https://github.com/IonicaBizau/parse-url
parse5,1.5.1,MIT,http://inikulin.github.io/parse5/
parse5,3.0.3,MIT,https://github.com/inikulin/parse5
parsejson,0.0.3,MIT,https://github.com/get/parsejson
parseqs,0.0.5,MIT,https://github.com/get/querystring
parseuri,0.0.5,MIT,https://github.com/get/parseuri
parseurl,1.3.2,MIT,Unknown
path,0.12.7,MIT,http://nodejs.org/docs/latest/api/path.html
path-browserify,0.0.0,MIT,https://github.com/substack/path-browserify
path-exists,2.1.0,MIT,sindresorhus.com
path-exists,3.0.0,MIT,sindresorhus.com
path-is-absolute,1.0.1,MIT,sindresorhus.com
path-is-inside,1.0.2,(WTFPL OR MIT),https://domenic.me
path-key,2.0.1,MIT,sindresorhus.com
path-parse,1.0.5,MIT,https://github.com/jbgutierrez/path-parse#readme
path-to-regexp,0.1.7,MIT,Unknown
path-type,1.1.0,MIT,sindresorhus.com
path-type,2.0.0,MIT,sindresorhus.com
pause-stream,0.0.11,Apache 2.0,dominictarr.com
pbkdf2,3.0.14,MIT,https://github.com/crypto-browserify/pbkdf2
performance-now,0.2.0,MIT,https://github.com/meryn/performance-now
performance-now,2.1.0,MIT,https://github.com/braveg1rl/performance-now
pify,2.3.0,MIT,sindresorhus.com
pify,3.0.0,MIT,sindresorhus.com
pinkie,2.0.4,MIT,github.com/floatdrop
pinkie-promise,2.0.1,MIT,github.com/floatdrop
pkg-dir,1.0.0,MIT,sindresorhus.com
pkg-dir,2.0.0,MIT,sindresorhus.com
pluralize,7.0.0,MIT,http://blakeembrey.me
podda,1.2.2,MIT,Unknown
portfinder,1.0.13,MIT,Unknown
postcss,5.2.18,MIT,http://postcss.org/
postcss,6.0.14,MIT,http://postcss.org/
postcss-calc,5.3.1,MIT,Unknown
postcss-colormin,2.2.2,MIT,https://github.com/ben-eb/postcss-colormin
postcss-convert-values,2.6.1,MIT,https://github.com/ben-eb/postcss-convert-values
postcss-discard-comments,2.0.4,MIT,https://github.com/ben-eb/postcss-discard-comments
postcss-discard-duplicates,2.1.0,MIT,https://github.com/ben-eb/postcss-discard-duplicates
postcss-discard-empty,2.1.0,MIT,https://github.com/ben-eb/postcss-discard-empty
postcss-discard-overridden,0.1.1,MIT,https://github.com/Justineo/postcss-discard-overridden
postcss-discard-unused,2.2.3,MIT,https://github.com/ben-eb/postcss-discard-unused
postcss-filter-plugins,2.0.2,MIT,https://github.com/postcss/postcss-filter-plugins
postcss-flexbugs-fixes,3.2.0,MIT,Unknown
postcss-load-config,1.2.0,MIT,https://github.com/michael-ciniawsky/postcss-load-config#readme
postcss-load-options,1.2.0,MIT,https://github.com/michael-ciniawsky/postcss-load-options#readme
postcss-load-plugins,2.3.0,MIT,https://github.com/michael-ciniawsky/postcss-load-plugins#readme
postcss-loader,2.0.9,MIT,https://github.com/postcss/postcss-loader#readme
postcss-merge-idents,2.1.7,MIT,https://github.com/ben-eb/postcss-merge-idents
postcss-merge-longhand,2.0.2,MIT,https://github.com/ben-eb/postcss-merge-longhand
postcss-merge-rules,2.1.2,MIT,https://github.com/ben-eb/postcss-merge-rules
postcss-message-helpers,2.0.0,MIT,Unknown
postcss-minify-font-values,1.0.5,MIT,https://github.com/TrySound/postcss-minify-font-values
postcss-minify-gradients,1.0.5,MIT,https://github.com/ben-eb/postcss-minify-gradients
postcss-minify-params,1.2.2,MIT,https://github.com/ben-eb/postcss-minify-params
postcss-minify-selectors,2.1.1,MIT,https://github.com/ben-eb/postcss-minify-selectors
postcss-modules-extract-imports,1.1.0,ISC,https://github.com/css-modules/postcss-modules-extract-imports
postcss-modules-local-by-default,1.2.0,MIT,Unknown
postcss-modules-scope,1.1.0,ISC,https://github.com/css-modules/postcss-modules-scope
postcss-modules-values,1.3.0,ISC,https://github.com/css-modules/postcss-modules-values#readme
postcss-normalize-charset,1.1.1,MIT,https://github.com/ben-eb/postcss-charset
postcss-normalize-url,3.0.8,MIT,https://github.com/ben-eb/postcss-normalize-url
postcss-ordered-values,2.2.3,MIT,https://github.com/ben-eb/postcss-ordered-values
postcss-reduce-idents,2.4.0,MIT,https://github.com/ben-eb/postcss-reduce-idents
postcss-reduce-initial,1.0.1,MIT,https://github.com/ben-eb/postcss-reduce-initial
postcss-reduce-transforms,1.0.4,MIT,https://github.com/ben-eb/postcss-reduce-transforms
postcss-selector-parser,2.2.3,MIT,https://github.com/postcss/postcss-selector-parser
postcss-svgo,2.1.6,MIT,https://github.com/ben-eb/postcss-svgo
postcss-unique-selectors,2.0.2,MIT,https://github.com/ben-eb/postcss-unique-selectors
postcss-value-parser,3.3.0,MIT,https://github.com/TrySound/postcss-value-parser
postcss-zindex,2.2.0,MIT,https://github.com/ben-eb/postcss-zindex
prelude-ls,1.1.2,MIT,http://preludels.com/
prepend-http,1.0.4,MIT,sindresorhus.com
preserve,0.2.0,MIT,https://github.com/jonschlinkert/preserve
prettier,1.9.2,MIT,https://prettier.io/
prettierrc,0.0.0-5,MIT,Unknown
private,0.1.8,MIT,http://github.com/benjamn/private
process,0.11.10,MIT,Unknown
process,0.5.2,MIT,Unknown
process-nextick-args,1.0.7,MIT,https://github.com/calvinmetcalf/process-nextick-args
progress,2.0.0,MIT,Unknown
promise,7.3.1,MIT,Unknown
promise.prototype.finally,3.1.0,MIT,Unknown
prop-types,15.6.0,MIT,https://facebook.github.io/react/
prop-types-extra,1.0.1,MIT,https://github.com/react-bootstrap/react-prop-types#readme
protocols,1.4.6,MIT,https://github.com/IonicaBizau/protocols
proxy-addr,2.0.2,MIT,Unknown
prr,1.0.1,MIT,https://github.com/rvagg/prr
ps-tree,1.1.0,MIT,http://github.com/indexzero/ps-tree
pseudomap,1.0.2,ISC,https://github.com/isaacs/pseudomap#readme
public-encrypt,4.0.0,MIT,https://github.com/crypto-browserify/publicEncrypt
punycode,1.3.2,MIT,https://mths.be/punycode
punycode,1.4.1,MIT,https://mths.be/punycode
q,1.5.1,MIT,https://github.com/kriskowal/q
qjobs,1.1.5,MIT,Unknown
qs,6.3.2,New BSD,https://github.com/ljharb/qs
qs,6.4.0,New BSD,https://github.com/ljharb/qs
qs,6.5.1,New BSD,https://github.com/ljharb/qs
query-string,4.3.4,MIT,sindresorhus.com
querystring,0.2.0,MIT,Unknown
querystring-es3,0.2.1,MIT,Unknown
querystringify,0.0.4,MIT,https://github.com/unshiftio/querystringify
querystringify,1.0.0,MIT,https://github.com/unshiftio/querystringify
radium,0.19.6,MIT,https://github.com/formidablelabs/radium
raf,3.4.0,MIT,Unknown
railroad-diagrams,1.0.0,CC0-1.0,https://github.com/tabatkins/railroad-diagrams
randexp,0.4.6,MIT,http://fent.github.io/randexp.js/
randomatic,1.1.7,MIT,https://github.com/jonschlinkert/randomatic
randombytes,2.0.5,MIT,https://github.com/crypto-browserify/randombytes
randomfill,1.0.3,MIT,https://github.com/crypto-browserify/randombytes
range-parser,1.2.0,MIT,http://tjholowaychuk.com
raw-body,2.3.2,MIT,http://jongleberry.com
rc,1.2.2,(BSD-2-Clause OR MIT OR Apache-2.0),dominictarr.com
react,15.6.2,MIT,https://facebook.github.io/react/
react-addons-create-fragment,15.6.2,MIT,Unknown
react-addons-test-utils,15.6.2,MIT,Unknown
react-autosuggest,9.3.2,MIT,Unknown
react-autowhatever,10.1.0,MIT,Unknown
react-datetime,2.11.1,MIT,https://github.com/YouCanBookMe/react-datetime
react-docgen,2.20.0,New BSD,Unknown
react-dom,15.6.2,MIT,https://facebook.github.io/react/
react-html-attributes,1.4.1,MIT,https://github.com/jackyho112/react-html-attributes#readme
react-icon-base,2.1.0,MIT,https://github.com/gorangajic/react-icon-base#readme
react-icons,2.2.7,MIT,https://github.com/gorangajic/react-icons#readme
react-input-autosize,2.1.2,MIT,Unknown
react-inspector,2.2.2,MIT,https://github.com/xyc/react-inspector
react-modal,3.1.8,MIT,https://github.com/reactjs/react-modal
react-onclickoutside,6.7.0,MIT,https://github.com/Pomax/react-onclickoutside
react-overlays,0.8.3,MIT,Unknown
react-select,1.1.0,MIT,Unknown
react-split-pane,0.1.71,MIT,https://github.com/tomkp/react-split-pane
react-style-proptype,3.1.0,MIT,https://github.com/brigand/react-style-proptype#readme
react-test-renderer,15.6.2,MIT,https://facebook.github.io/react/
react-themeable,1.1.0,MIT,https://github.com/markdalgleish/react-themeable#readme
react-transition-group,1.2.1,New BSD,https://github.com/reactjs/react-transition-group#readme
react-transition-group,2.2.1,New BSD,https://github.com/reactjs/react-transition-group#readme
react-treebeard,2.1.0,MIT,https://github.com/alexcurtis/react-treebeard#readme
read-pkg,1.1.0,MIT,sindresorhus.com
read-pkg,2.0.0,MIT,sindresorhus.com
read-pkg-up,1.0.1,MIT,sindresorhus.com
read-pkg-up,2.0.0,MIT,sindresorhus.com
readable-stream,1.0.34,MIT,http://blog.izs.me/
readable-stream,2.3.3,MIT,Unknown
readdirp,2.1.0,MIT,https://github.com/thlorenz/readdirp
recast,0.12.9,MIT,http://github.com/benjamn/recast
rechoir,0.6.2,MIT,https://github.com/tkellen/node-rechoir
redent,1.0.0,MIT,sindresorhus.com
reduce-css-calc,1.3.0,MIT,Unknown
reduce-function-call,1.0.2,MIT,Unknown
redux,3.7.2,MIT,http://redux.js.org/
regenerate,1.3.3,MIT,https://mths.be/regenerate
regenerator-runtime,0.10.5,MIT,Unknown
regenerator-runtime,0.11.1,MIT,Unknown
regenerator-transform,0.10.1,BSD,Unknown
regex-cache,0.4.4,MIT,https://github.com/jonschlinkert/regex-cache
regexpu-core,1.0.0,MIT,https://mths.be/regexpu
regexpu-core,2.0.0,MIT,https://mths.be/regexpu
registry-auth-token,3.3.1,MIT,https://github.com/rexxars/registry-auth-token#readme
registry-url,3.1.0,MIT,sindresorhus.com
regjsgen,0.2.0,MIT,https://github.com/d10/regjsgen
regjsparser,0.1.5,Simplified BSD,https://github.com/jviereck/regjsparser
relative,3.0.2,MIT,https://github.com/jonschlinkert/relative
remove-trailing-separator,1.1.0,ISC,https://github.com/darsain/remove-trailing-separator#readme
repeat-element,1.1.2,MIT,https://github.com/jonschlinkert/repeat-element
repeat-string,0.2.2,MIT,https://github.com/jonschlinkert/repeat-string
repeat-string,1.6.1,MIT,https://github.com/jonschlinkert/repeat-string
repeating,2.0.1,MIT,sindresorhus.com
request,2.79.0,Apache 2.0,Unknown
request,2.81.0,Apache 2.0,Unknown
request,2.83.0,Apache 2.0,Unknown
require-directory,2.1.1,MIT,https://github.com/troygoode/node-require-directory/
require-from-string,1.2.1,MIT,github.com/floatdrop
require-main-filename,1.0.1,ISC,https://github.com/yargs/require-main-filename#readme
require-uncached,1.0.3,MIT,sindresorhus.com
requires-port,1.0.0,MIT,https://github.com/unshiftio/requires-port
resolve,1.5.0,MIT,http://substack.net
resolve-cwd,2.0.0,MIT,sindresorhus.com
resolve-dir,0.1.1,MIT,https://github.com/jonschlinkert/resolve-dir
resolve-from,1.0.1,MIT,sindresorhus.com
resolve-from,3.0.0,MIT,sindresorhus.com
restore-cursor,2.0.0,MIT,sindresorhus.com
ret,0.1.15,MIT,https://github.com/fent
right-align,0.1.3,MIT,https://github.com/jonschlinkert/right-align
rimraf,2.6.2,ISC,http://blog.izs.me/
ripemd160,2.0.1,MIT,Unknown
rst-selector-parser,2.2.3,New BSD,http://gajus.com
run-async,2.3.0,MIT,Unknown
rx-lite,4.0.8,Apache 2.0,https://github.com/Reactive-Extensions/RxJS
rx-lite-aggregates,4.0.8,Apache 2.0,https://github.com/Reactive-Extensions/RxJS
safe-buffer,5.1.1,MIT,https://github.com/feross/safe-buffer
samsam,1.1.2,New BSD,http://busterjs.org/docs/buster-assertions
samsam,1.1.3,New BSD,http://docs.busterjs.org/en/latest/modules/samsam/
sass-graph,2.2.4,MIT,Unknown
sass-loader,6.0.6,MIT,https://github.com/webpack-contrib/sass-loader
sax,1.2.4,ISC,http://blog.izs.me/
schema-utils,0.3.0,MIT,https://github.com/webpack-contrib/schema-utils#readme
scss-tokenizer,0.2.3,MIT,https://github.com/sasstools/scss-tokenizer
section-iterator,2.0.0,MIT,Unknown
select-hose,2.0.0,MIT,https://github.com/indutny/select-hose#readme
selfsigned,1.10.1,MIT,http://joseoncode.com
semver,4.3.6,ISC,Unknown
semver,5.3.0,ISC,Unknown
semver,5.4.1,ISC,Unknown
semver-diff,2.1.0,MIT,http://sindresorhus.com
send,0.16.1,MIT,Unknown
serve-favicon,2.4.5,MIT,Unknown
serve-index,1.9.1,MIT,Unknown
serve-static,1.13.1,MIT,Unknown
set-blocking,2.0.0,ISC,https://github.com/yargs/set-blocking#readme
set-immediate-shim,1.0.1,MIT,sindresorhus.com
set-value,0.2.0,MIT,https://github.com/jonschlinkert/set-value
setimmediate,1.0.5,MIT,Unknown
setprototypeof,1.0.3,ISC,https://github.com/wesleytodd/setprototypeof
setprototypeof,1.1.0,ISC,https://github.com/wesleytodd/setprototypeof
sha.js,2.4.9,MIT,https://github.com/crypto-browserify/sha.js
shallow-clone,0.1.2,MIT,https://github.com/jonschlinkert/shallow-clone
shallow-equal,1.0.0,MIT,Unknown
shallowequal,0.2.2,MIT,github.com/Dashed
shebang-command,1.2.0,MIT,github.com/kevva
shebang-regex,1.0.0,MIT,sindresorhus.com
shelljs,0.7.8,New BSD,http://github.com/shelljs/shelljs
sigmund,1.0.1,ISC,http://blog.izs.me/
signal-exit,3.0.2,ISC,https://github.com/tapjs/signal-exit
sinon,1.17.7,New BSD,http://sinonjs.org/
slash,1.0.0,MIT,http://sindresorhus.com
slice-ansi,1.0.0,MIT,Unknown
sntp,1.0.9,SEE LICENSE IN LICENSE,http://hueniverse.com
sntp,2.1.0,New BSD,http://hueniverse.com
socket.io,1.7.3,MIT,Unknown
socket.io-adapter,0.5.0,MIT,Unknown
socket.io-client,1.7.3,MIT,Unknown
socket.io-parser,2.3.1,MIT,Unknown
sockjs,0.3.18,MIT,https://github.com/sockjs/sockjs-node
sockjs-client,1.1.4,MIT,http://sockjs.org/
sort-keys,1.1.2,MIT,sindresorhus.com
source-list-map,2.0.0,MIT,https://github.com/webpack/source-list-map
source-map,0.4.4,New BSD,https://github.com/mozilla/source-map
source-map,0.5.7,New BSD,https://github.com/mozilla/source-map
source-map,0.6.1,New BSD,https://github.com/mozilla/source-map
source-map-loader,0.2.3,MIT,Unknown
source-map-support,0.4.18,MIT,Unknown
spdx-correct,1.0.2,Apache 2.0,https://kemitchell.com
spdx-expression-parse,1.0.4,(MIT AND CC-BY-3.0),http://kemitchell.com
spdx-license-ids,1.2.2,Unlicense,https://github.com/shinnn
spdy,3.4.7,MIT,https://github.com/indutny/node-spdy
spdy-transport,2.0.20,MIT,https://github.com/spdy-http2/spdy-transport
split,0.3.3,MIT,http://github.com/dominictarr/split
sprintf-js,1.0.3,New BSD,http://alexei.ro/
sshpk,1.13.1,MIT,https://github.com/arekinath/node-sshpk#readme
starts-with,1.0.2,MIT,http://www.tunnckocore.tk
statuses,1.3.1,MIT,Unknown
statuses,1.4.0,MIT,Unknown
stdout-stream,1.4.0,MIT,Unknown
stream-browserify,2.0.1,MIT,https://github.com/substack/stream-browserify
stream-combiner,0.0.4,MIT,https://github.com/dominictarr/stream-combiner
stream-http,2.7.2,MIT,https://github.com/jhiesey/stream-http#readme
strict-uri-encode,1.1.0,MIT,github.com/kevva
string-width,1.0.2,MIT,sindresorhus.com
string-width,2.1.1,MIT,sindresorhus.com
string.prototype.padend,3.0.0,MIT,Unknown
string.prototype.padstart,3.0.0,MIT,Unknown
string_decoder,0.10.31,MIT,https://github.com/rvagg/string_decoder
string_decoder,1.0.3,MIT,https://github.com/rvagg/string_decoder
stringstream,0.0.5,MIT,http://github.com/mhart
strip-ansi,3.0.1,MIT,sindresorhus.com
strip-ansi,4.0.0,MIT,sindresorhus.com
strip-bom,2.0.0,MIT,sindresorhus.com
strip-bom,3.0.0,MIT,sindresorhus.com
strip-eof,1.0.0,MIT,sindresorhus.com
strip-indent,1.0.1,MIT,http://sindresorhus.com
strip-json-comments,2.0.1,MIT,sindresorhus.com
style-loader,0.18.2,MIT,Unknown
supports-color,1.2.0,MIT,http://sindresorhus.com
supports-color,2.0.0,MIT,sindresorhus.com
supports-color,3.2.3,MIT,sindresorhus.com
supports-color,4.5.0,MIT,sindresorhus.com
svg-tag-names,1.1.1,MIT,http://wooorm.com
svgo,0.7.2,MIT,https://github.com/svg/svgo
symbol-observable,1.1.0,MIT,Unknown
symbol-tree,3.2.2,MIT,https://github.com/jsdom/js-symbol-tree#symbol-tree
table,4.0.2,New BSD,http://gajus.com
tapable,0.2.8,MIT,https://github.com/webpack/tapable
tar,2.2.1,ISC,http://blog.izs.me/
tar-pack,3.4.1,Simplified BSD,Unknown
term-size,1.2.0,MIT,sindresorhus.com
text-table,0.2.0,MIT,https://github.com/substack/text-table
through,2.3.8,MIT,https://github.com/dominictarr/through
through2,2.0.3,MIT,https://github.com/rvagg
thunky,0.1.0,MIT*,Unknown
time-stamp,2.0.0,MIT,https://github.com/jonschlinkert/time-stamp
timed-out,4.0.1,MIT,Unknown
timers-browserify,2.0.4,MIT,https://github.com/jryans/timers-browserify
tmp,0.0.31,MIT,http://github.com/raszi/node-tmp
tmp,0.0.33,MIT,http://github.com/raszi/node-tmp
to-array,0.1.4,MIT,https://github.com/Raynos/to-array
to-arraybuffer,1.0.1,MIT,https://github.com/jhiesey/to-arraybuffer#readme
to-fast-properties,1.0.3,MIT,sindresorhus.com
to-fast-properties,2.0.0,MIT,sindresorhus.com
to-iso-string,0.0.2,MIT,Unknown
touch,3.1.0,ISC,http://blog.izs.me/
tough-cookie,2.3.3,New BSD,https://github.com/salesforce/tough-cookie
tr46,0.0.3,MIT,https://github.com/Sebmaster/tr46.js#readme
trim-newlines,1.0.0,MIT,sindresorhus.com
trim-right,1.0.1,MIT,sindresorhus.com
true-case-path,1.0.2,Apache version 2.0,https://github.com/barsh/true-case-path#readme
tty-browserify,0.0.0,MIT,https://github.com/substack/tty-browserify
tunnel-agent,0.4.3,Apache 2.0,http://www.futurealoof.com
tunnel-agent,0.6.0,Apache 2.0,http://www.futurealoof.com
tweetnacl,0.14.5,Unlicense,https://tweetnacl.js.org/
type-check,0.3.2,MIT,https://github.com/gkz/type-check
type-detect,0.1.1,MIT,http://alogicalparadox.com
type-detect,1.0.0,MIT,http://alogicalparadox.com
type-is,1.6.15,MIT,Unknown
typedarray,0.0.6,MIT,https://github.com/substack/typedarray
ua-parser-js,0.7.17,(GPL-2.0 OR MIT),http://github.com/faisalman/ua-parser-js
uglify-js,2.8.29,Simplified BSD,http://lisperator.net/uglifyjs
uglify-to-browserify,1.0.2,MIT,Unknown
uglifyjs-webpack-plugin,0.4.6,MIT,https://github.com/webpack-contrib/uglifyjs-webpack-plugin
uid-number,0.0.6,ISC,http://blog.izs.me/
ultron,1.0.2,MIT,https://github.com/unshiftio/ultron
unc-path-regex,0.1.2,MIT,https://github.com/regexhq/unc-path-regex
undefsafe,0.0.3,MIT / http://rem.mit-license.org,Unknown
underscore,1.4.4,MIT,http://underscorejs.org/
uniq,1.0.1,MIT,Unknown
uniqid,4.1.1,MIT,http://github.com/adamhalasz/diet-uniqid/
uniqs,2.0.0,MIT,Unknown
unique-string,1.0.0,MIT,sindresorhus.com
unpipe,1.0.0,MIT,Unknown
unzip-response,2.0.1,MIT,Unknown
update-notifier,2.3.0,Simplified BSD,sindresorhus.com
url,0.11.0,MIT,Unknown
url-loader,0.6.2,MIT,https://github.com/webpack-contrib/url-loader
url-parse,1.0.5,MIT,Unknown
url-parse,1.2.0,MIT,Unknown
url-parse-lax,1.0.0,MIT,sindresorhus.com
user-home,1.1.1,MIT,http://sindresorhus.com
useragent,2.2.1,MIT,Unknown
util,0.10.3,MIT,https://github.com/defunctzombie/node-util
util-deprecate,1.0.2,MIT,https://github.com/TooTallNate/util-deprecate
utils-merge,1.0.1,MIT,http://www.jaredhanson.net/
uuid,2.0.3,MIT,Unknown
uuid,3.1.0,MIT,Unknown
v8flags,2.1.1,MIT,https://github.com/tkellen/node-v8flags
validate-npm-package-license,3.0.1,Apache 2.0,https://kemitchell.com
vary,1.1.2,MIT,Unknown
velocity-animate,1.5.0,MIT,http://velocityjs.org/
velocity-react,1.3.3,MIT,https://github.com/twitter-fabric/velocity-react#readme
vendors,1.0.1,MIT,http://wooorm.com
verror,1.10.0,MIT,Unknown
vm-browserify,0.0.4,MIT,http://substack.net
void-elements,2.0.1,MIT,https://github.com/hemanth/void-elements
warning,3.0.0,New BSD,https://github.com/BerkeleyTrue/warning
watchpack,1.4.0,MIT,https://github.com/webpack/watchpack
wbuf,1.7.2,MIT,https://github.com/indutny/wbuf
webidl-conversions,3.0.1,Simplified BSD,https://domenic.me/
webpack,3.10.0,MIT,https://github.com/webpack/webpack
webpack-dev-middleware,1.12.2,MIT,http://github.com/webpack/webpack-dev-middleware
webpack-dev-server,2.9.7,MIT,https://github.com/webpack/webpack-dev-server
webpack-hot-middleware,2.21.0,MIT,Unknown
webpack-sources,1.1.0,MIT,https://github.com/webpack/webpack-sources#readme
websocket-driver,0.7.0,MIT,https://github.com/faye/websocket-driver-node
websocket-extensions,0.1.3,MIT,http://github.com/faye/websocket-extensions-node
whatwg-fetch,2.0.3,MIT,Unknown
whatwg-url,2.0.1,MIT,Unknown
whet.extend,0.9.9,MIT,Unknown
which,1.3.0,ISC,http://blog.izs.me
which-module,1.0.0,ISC,https://github.com/nexdrew/which-module#readme
which-module,2.0.0,ISC,https://github.com/nexdrew/which-module#readme
wide-align,1.1.2,ISC,http://re-becca.org/
widest-line,2.0.0,MIT,sindresorhus.com
window-size,0.1.0,MIT,https://github.com/jonschlinkert/window-size
wordwrap,0.0.2,MIT,http://substack.net
wordwrap,0.0.3,MIT,http://substack.net
wordwrap,1.0.0,MIT,http://substack.net
wrap-ansi,2.1.0,MIT,sindresorhus.com
wrappy,1.0.2,ISC,https://github.com/npm/wrappy
write,0.2.1,MIT,https://github.com/jonschlinkert/write
write-file-atomic,2.3.0,ISC,https://github.com/iarna/write-file-atomic
ws,1.1.2,MIT,http://2x.io
wtf-8,1.0.0,MIT,https://mths.be/wtf8
xdg-basedir,3.0.0,MIT,sindresorhus.com
xml-name-validator,2.0.1,WTFPL,https://domenic.me/
xmlhttprequest-ssl,1.5.3,MIT,Unknown
xtend,4.0.1,MIT,https://github.com/Raynos/xtend
y18n,3.2.1,ISC,https://github.com/yargs/y18n
yallist,2.1.2,ISC,http://blog.izs.me/
yargs,3.10.0,MIT,http://CodeTunnel.com
yargs,6.6.0,MIT,http://yargs.js.org/
yargs,7.1.0,MIT,http://yargs.js.org/
yargs,8.0.2,MIT,http://yargs.js.org/
yargs-parser,4.2.1,ISC,Unknown
yargs-parser,5.0.0,ISC,Unknown
yargs-parser,7.0.0,ISC,Unknown
yeast,0.1.2,MIT,https://github.com/unshiftio/yeast
